Slug,Title,Category,Important Dates,Application Fee,Age Limits,Vacancy & Matrix,How to Fill Steps,Important Links,FAQs & Schema,Overall Status
up-sewayojan-vibhag-mts-august26,UP Sewayojan Vibhag Recruitment 2026 Multi Tasking Staff MTS Apply Online for 45 Post,latest-jobs,✅ Pass,✅ Pass,✅ Pass,✅ Pass,✅ Pass,✅ Pass,✅ Pass,100% VERIFIED ✅
mpesb-group-2-sub-group-4-patwari-2026,MPESB Group-2 Sub Group-4 Patwari Recruitment 2026,latest-jobs,✅ Pass,✅ Pass,✅ Pass,✅ Pass,✅ Pass,✅ Pass,✅ Pass,100% VERIFIED ✅
mpesb-group2-subgroup-4-aug26,MPESB MP Group 2 Sub Group 4 Patwari and Other Post Combined Recruitment Test – 2026 Apply Online 2106 Post,latest-jobs,✅ Pass,✅ Pass,✅ Pass,✅ Pass,✅ Pass,✅ Pass,✅ Pass,100% VERIFIED ✅
atal-awasiya-lucknow-aug2026,Uttar Pradesh UP Atal Awasiya Vidyalaya Lucknow Outsourcing Recruitment Application Form 2026,latest-jobs,✅ Pass,✅ Pass,✅ Pass,✅ Pass,✅ Pass,✅ Pass,✅ Pass,100% VERIFIED ✅
upsssc-paramedical-fsl-15-exam-2026,UPSSSC Forensic Science Laboratory Main Examination 2026 Apply Online for 208 Post,latest-jobs,✅ Pass,✅ Pass,✅ Pass,✅ Pass,✅ Pass,✅ Pass,✅ Pass,100% VERIFIED ✅
rcfl-management-trainee-august26,RCFL Management Trainee Recruitment 2026 Apply Online for 94 Post,latest-jobs,✅ Pass,✅ Pass,✅ Pass,✅ Pass,✅ Pass,✅ Pass,✅ Pass,100% VERIFIED ✅
up-meerut-ecce-educator-august26,UP Basic Education ECCE Educator Meerut Outsourcing Recruitment 2026 Apply Online For 108 Post,latest-jobs,✅ Pass,✅ Pass,✅ Pass,✅ Pass,✅ Pass,✅ Pass,✅ Pass,100% VERIFIED ✅
rvunl-june26,"Rajasthan RVUNL for JE, Junior Accountant & Junior Assistant/ Commercial Assistant-II Common Recruitment 2026 Apply Online for 2005 Post",latest-jobs,✅ Pass,✅ Pass,✅ Pass,✅ Pass,✅ Pass,✅ Pass,✅ Pass,100% VERIFIED ✅
rrvunl-je-junior-assistant-2026,"RRVUNL JE, Junior Assistant Recruitment 2026",latest-jobs,✅ Pass,✅ Pass,✅ Pass,✅ Pass,✅ Pass,✅ Pass,✅ Pass,100% VERIFIED ✅
up-bijnor-ecce-educator-july26,Uttar Pradesh UP Basic Education Bijnor ECCE Educator Outsourcing Recruitment 2026 Apply Online For 159 Post,latest-jobs,✅ Pass,✅ Pass,✅ Pass,✅ Pass,✅ Pass,✅ Pass,✅ Pass,100% VERIFIED ✅
upsrtc-bus-conductor-august26,"UPSRTC उत्तर प्रदेश राज्य सड़क परिवहन निगम Bus Conductor Gonda, Bahraich, Balrampur Outsourcing Recruitment Online Form 2026",latest-jobs,✅ Pass,✅ Pass,✅ Pass,✅ Pass,✅ Pass,✅ Pass,✅ Pass,100% VERIFIED ✅
uttar-pradesh-ecce-educator-august26,Uttar Pradesh UP Basic Education Ambedkar Nagar ECCE Educator Recruitment 2026 Apply Online For 104 Post,latest-jobs,✅ Pass,✅ Pass,✅ Pass,✅ Pass,✅ Pass,✅ Pass,✅ Pass,100% VERIFIED ✅
patna-high-court-july26,Patan High Court Judicature Ex-Cadre Assistant Group C Recruitment 2026 Apply Online for 68 Post,latest-jobs,✅ Pass,✅ Pass,✅ Pass,✅ Pass,✅ Pass,✅ Pass,✅ Pass,100% VERIFIED ✅
sbi-clerk-backlog-aug26,State Bank of India SBI Junior Associates Clerk Recruitment 2026 : Apply Online for 1538 Backlog Post,latest-jobs,✅ Pass,✅ Pass,✅ Pass,✅ Pass,✅ Pass,✅ Pass,✅ Pass,100% VERIFIED ✅
sav-class-6th-admission-august26,Simultala Awasiya Vidyalaya SAV Jamui Class VI 6th Admission 2027 Apply Online,latest-jobs,✅ Pass,✅ Pass,✅ Pass,✅ Pass,✅ Pass,✅ Pass,✅ Pass,100% VERIFIED ✅
ibps-clerk-16th-august26,IBPS Clerk CRP XVI 16th Recruitment 2026 Apply Online,latest-jobs,✅ Pass,✅ Pass,✅ Pass,✅ Pass,✅ Pass,✅ Pass,✅ Pass,100% VERIFIED ✅
bseb-stet-august26,Bihar State Eligibility Test BSEB STET 2026 Apply Online,latest-jobs,✅ Pass,✅ Pass,✅ Pass,✅ Pass,✅ Pass,✅ Pass,✅ Pass,100% VERIFIED ✅
sbi-junior-associates-clerk-2026,SBI Junior Associates Clerk Recruitment 2026,latest-jobs,✅ Pass,✅ Pass,✅ Pass,✅ Pass,✅ Pass,✅ Pass,✅ Pass,100% VERIFIED ✅
sbi-j-a-clerk-august26,State Bank of India SBI Junior Associates Clerk Recruitment 2026 : Apply Online for 9124 Post,latest-jobs,✅ Pass,✅ Pass,✅ Pass,✅ Pass,✅ Pass,✅ Pass,✅ Pass,100% VERIFIED ✅
sbi-junior-associates-clerk-2026-syllabus,SBI Junior Associates Clerk Recruitment 2026 Syllabus & Exam Pattern 2026,syllabus,✅ Pass,✅ Pass,✅ Pass,✅ Pass,✅ Pass,✅ Pass,✅ Pass,100% VERIFIED ✅
bihar-stet-2026,Bihar STET Online Form 2026,admission,✅ Pass,✅ Pass,✅ Pass,✅ Pass,✅ Pass,✅ Pass,✅ Pass,100% VERIFIED ✅
upsssc-pet-exam-jun26,UP UPSSSC Preliminary Examination Test PET 2026 Apply Online Form 2026,latest-jobs,✅ Pass,✅ Pass,✅ Pass,✅ Pass,✅ Pass,✅ Pass,✅ Pass,100% VERIFIED ✅
uppsc-professor-2026,UPPSC Professor & Assistant Professor Recruitment 2026,latest-jobs,✅ Pass,✅ Pass,✅ Pass,✅ Pass,✅ Pass,✅ Pass,✅ Pass,100% VERIFIED ✅
mpesb-group-3-sub-engineer-2026,MPESB Group 3 Sub Engineer & Other Post Recruitment 2026,latest-jobs,✅ Pass,✅ Pass,✅ Pass,✅ Pass,✅ Pass,✅ Pass,✅ Pass,100% VERIFIED ✅
upsssc-pet-2026,UPSSSC PET Online Form 2026,latest-jobs,✅ Pass,✅ Pass,✅ Pass,✅ Pass,✅ Pass,✅ Pass,✅ Pass,100% VERIFIED ✅
uppsc-direct-d1-e1-aug26,UPPSC Assistant Professor & Professor Recruitment 2026 Apply Online for 1156 Post,latest-jobs,✅ Pass,✅ Pass,✅ Pass,✅ Pass,✅ Pass,✅ Pass,✅ Pass,100% VERIFIED ✅
mpesb-group-3-sub-engineer-aug26,"MPESB Group 3 Sub Engineer ,Sahayak Manchitrakar, Technician and Other Equivalent Combined Recruitment Test 2026 Apply Online for 1040 Post",latest-jobs,✅ Pass,✅ Pass,✅ Pass,✅ Pass,✅ Pass,✅ Pass,✅ Pass,100% VERIFIED ✅
upsssc-pet-2026-syllabus,UPSSSC PET Online Form 2026 Syllabus & Exam Pattern 2026,syllabus,✅ Pass,✅ Pass,✅ Pass,✅ Pass,✅ Pass,✅ Pass,✅ Pass,100% VERIFIED ✅
jssc-jilcce-inter-level-july26,JSSC Jharkhand JILCCE Inter Level Recruitment 2026 Apply Online for 326 Post,latest-jobs,✅ Pass,✅ Pass,✅ Pass,✅ Pass,✅ Pass,✅ Pass,✅ Pass,100% VERIFIED ✅
mpesb-mspstet-2026,MPESB Middle School and Primary School Teacher MSPSTET 2026 Apply Online,latest-jobs,✅ Pass,✅ Pass,✅ Pass,✅ Pass,✅ Pass,✅ Pass,✅ Pass,100% VERIFIED ✅
bsip-scientist-b-august26,Birbal Sahni Institute of Palaeosciences (BSIP) Scientist B Recruitment 2026 Apply Online,latest-jobs,✅ Pass,✅ Pass,✅ Pass,✅ Pass,✅ Pass,✅ Pass,✅ Pass,100% VERIFIED ✅
atal-awasiya-basti-aug26,Uttar Pradesh UP Atal Awasiya Vidyalaya Basti Outsourcing Recruitment Application Form 2026,latest-jobs,✅ Pass,✅ Pass,✅ Pass,✅ Pass,✅ Pass,✅ Pass,✅ Pass,100% VERIFIED ✅
rcf-kapurthala-apprentice-2026,RCF Kapurthala Apprentice Recruitment 2026,latest-jobs,✅ Pass,✅ Pass,✅ Pass,✅ Pass,✅ Pass,✅ Pass,✅ Pass,100% VERIFIED ✅
up-ecce-educator-chitrakoot-august26,Uttar Pradesh UP Basic Education Chitrakoot ECCE Educator Outsourcing Recruitment 2026 Apply Online For 60 Post,latest-jobs,✅ Pass,✅ Pass,✅ Pass,✅ Pass,✅ Pass,✅ Pass,✅ Pass,100% VERIFIED ✅
iocl-md-nr-apprentices-august26,IOCL Marketing Division Northern Region Apprentices Recruitment 2026 Apply Online for 433 Post,latest-jobs,✅ Pass,✅ Pass,✅ Pass,✅ Pass,✅ Pass,✅ Pass,✅ Pass,100% VERIFIED ✅
up-atal-awasiya-august26,Uttar Pradesh UP Atal Awasiya Vidyalaya Muzaffarnagar Outsourcing Recruitment Application Form 2026,latest-jobs,✅ Pass,✅ Pass,✅ Pass,✅ Pass,✅ Pass,✅ Pass,✅ Pass,100% VERIFIED ✅
2026-bank-of-baroda-lbo-aug26,Bank Of Baroda LBO Recruitment 2026,latest-jobs,✅ Pass,✅ Pass,✅ Pass,✅ Pass,✅ Pass,✅ Pass,✅ Pass,100% VERIFIED ✅
gims-noida-staff-nurse-2026,GIMS Noida Staff Nurse Recruitment 2026,latest-jobs,✅ Pass,✅ Pass,✅ Pass,✅ Pass,✅ Pass,✅ Pass,✅ Pass,100% VERIFIED ✅
railway-icf-apprentice-2026,Railway ICF Apprentice Recruitment 2026,latest-jobs,✅ Pass,✅ Pass,✅ Pass,✅ Pass,✅ Pass,✅ Pass,✅ Pass,100% VERIFIED ✅
ntpc-ngel-august26,NTPC NGEL Engineer and Executive Post Recruitment 2026 Apply Online For 147 Post,latest-jobs,✅ Pass,✅ Pass,✅ Pass,✅ Pass,✅ Pass,✅ Pass,✅ Pass,100% VERIFIED ✅
bob-lbo-aug26,Bank of Baroda BOB Local Bank Officer LBO Recruitment 2026 Apply Online for 2482 Post,latest-jobs,✅ Pass,✅ Pass,✅ Pass,✅ Pass,✅ Pass,✅ Pass,✅ Pass,100% VERIFIED ✅
icf-chennai-apprentices-202,Integral Coach Factory ICF Indian Railway Various Trade Apprentices Recruitment 2026 Apply Online for 1010 Post,latest-jobs,✅ Pass,✅ Pass,✅ Pass,✅ Pass,✅ Pass,✅ Pass,✅ Pass,100% VERIFIED ✅
gims-staff-nurse-august26,Government Institute of Medical Sciences (GIMS) Staff Nurse Recruitment 2026 Apply Online for 100 Post,latest-jobs,✅ Pass,✅ Pass,✅ Pass,✅ Pass,✅ Pass,✅ Pass,✅ Pass,100% VERIFIED ✅
aai-manager-junior-executive-july26,Airport Authority of India AAI Manager & Junior Executive Recruitment 2026 Apply Online for 389 Post,latest-jobs,✅ Pass,✅ Pass,✅ Pass,✅ Pass,✅ Pass,✅ Pass,✅ Pass,100% VERIFIED ✅
himachal-pradesh-high-court-various-post-2026,Himachal Pradesh High Court Various Post Recruitment 2026,latest-jobs,✅ Pass,✅ Pass,✅ Pass,✅ Pass,✅ Pass,✅ Pass,✅ Pass,100% VERIFIED ✅
hphc-various-post-august26,Himachal Pradesh HP High Court Various Post Recruitment 2026 Apply Online for 388 Post,latest-jobs,✅ Pass,✅ Pass,✅ Pass,✅ Pass,✅ Pass,✅ Pass,✅ Pass,100% VERIFIED ✅
upsc-epfo-2026,UPSC EPFO / APFC Recruitment 2026,latest-jobs,✅ Pass,✅ Pass,✅ Pass,✅ Pass,✅ Pass,✅ Pass,✅ Pass,100% VERIFIED ✅
upsc-epfo-apfc-august26,UPSC EPFO Assistant Provident Fund Commissioner APFC Recruitment 2026 Apply Online for 80 Post,latest-jobs,✅ Pass,✅ Pass,✅ Pass,✅ Pass,✅ Pass,✅ Pass,✅ Pass,100% VERIFIED ✅
upsc-epfo-2026-syllabus,UPSC EPFO / APFC Recruitment 2026 Syllabus & Exam Pattern 2026,syllabus,✅ Pass,✅ Pass,✅ Pass,✅ Pass,✅ Pass,✅ Pass,✅ Pass,100% VERIFIED ✅
railway-rrb-junior-engineer-cen-04-2026,"Railway RRB Junior Engineer CEN 04/2026 Recruitment 2026 Apply Online for 4028 Post, Vacancy Increase",latest-jobs,✅ Pass,✅ Pass,✅ Pass,✅ Pass,✅ Pass,✅ Pass,✅ Pass,100% VERIFIED ✅
rrb-je-2026,RRB Junior Engineer JE Recruitment 2026,latest-jobs,✅ Pass,✅ Pass,✅ Pass,✅ Pass,✅ Pass,✅ Pass,✅ Pass,100% VERIFIED ✅
rrb-je-2026-syllabus,RRB Junior Engineer JE Recruitment 2026 Syllabus & Exam Pattern 2026,syllabus,✅ Pass,✅ Pass,✅ Pass,✅ Pass,✅ Pass,✅ Pass,✅ Pass,100% VERIFIED ✅
rssb-junior-engineer-2026,RSSB Junior Engineer Recruitment 2026,latest-jobs,✅ Pass,✅ Pass,✅ Pass,✅ Pass,✅ Pass,✅ Pass,✅ Pass,100% VERIFIED ✅
rajasthan-rssb-je-august26,Rajasthan RSSB Junior Engineer Recruitment 2026 Apply Online for 874 Post,latest-jobs,✅ Pass,✅ Pass,✅ Pass,✅ Pass,✅ Pass,✅ Pass,✅ Pass,100% VERIFIED ✅
iim-cat-jul26,IIM Common Admission Test CAT Admission Apply Online Form 2026,latest-jobs,✅ Pass,✅ Pass,✅ Pass,✅ Pass,✅ Pass,✅ Pass,✅ Pass,100% VERIFIED ✅
mp-high-court-assistant-grade-iii-2026,MP High Court Assistant Grade III Recruitment 2026,latest-jobs,✅ Pass,✅ Pass,✅ Pass,✅ Pass,✅ Pass,✅ Pass,✅ Pass,100% VERIFIED ✅
up-anganwadi-bharti-2026,UP Anganwadi Bharti Recruitment 2026,latest-jobs,✅ Pass,✅ Pass,✅ Pass,✅ Pass,✅ Pass,✅ Pass,✅ Pass,100% VERIFIED ✅
mphc-assistant-grade-3rd-august26,MP High Court Assistant Grade III Recruitment 2026 Apply Online for 1174 Post,latest-jobs,✅ Pass,✅ Pass,✅ Pass,✅ Pass,✅ Pass,✅ Pass,✅ Pass,100% VERIFIED ✅
iim-cat-2026,IIM CAT 2026 Admission Form,admission,✅ Pass,✅ Pass,✅ Pass,✅ Pass,✅ Pass,✅ Pass,✅ Pass,100% VERIFIED ✅
iit-gate-2027,IIT GATE 2027 Admission Form,admission,✅ Pass,✅ Pass,✅ Pass,✅ Pass,✅ Pass,✅ Pass,✅ Pass,100% VERIFIED ✅
nta-aiapget-2026,NTA AIAPGET Admit Card 2026,admit-card,✅ Pass,✅ Pass,✅ Pass,✅ Pass,✅ Pass,✅ Pass,✅ Pass,100% VERIFIED ✅
ibps-so-xvi-2026,IBPS SO XVI Pre Admit Card 2026,admit-card,✅ Pass,✅ Pass,✅ Pass,✅ Pass,✅ Pass,✅ Pass,✅ Pass,100% VERIFIED ✅
dsssb-various-post-2026,Delhi DSSSB July Answer Key 2026,answer-key,✅ Pass,✅ Pass,✅ Pass,✅ Pass,✅ Pass,✅ Pass,✅ Pass,100% VERIFIED ✅
nta-csir-ugc-net-june-2026,NTA CSIR UGC NET June Answer Key 2026,answer-key,✅ Pass,✅ Pass,✅ Pass,✅ Pass,✅ Pass,✅ Pass,✅ Pass,100% VERIFIED ✅
nta-icar-aieea-pg-and-phd-2026,NTA ICAR AIEEA PG Ph.D Answer Key 2026,answer-key,✅ Pass,✅ Pass,✅ Pass,✅ Pass,✅ Pass,✅ Pass,✅ Pass,100% VERIFIED ✅
nta-swayam-2026,NTA SWAYAM Result 2026,result,✅ Pass,✅ Pass,✅ Pass,✅ Pass,✅ Pass,✅ Pass,✅ Pass,100% VERIFIED ✅
up-scholarship-postmatric-jul26,UP SCHOLARSHIP PREMATRIC AND POST MATRICS 9&10 11 & 12 AND OTHER COURSES BA BSC MSC BED BTC ONLINE FORM 2026,latest-jobs,✅ Pass,✅ Pass,✅ Pass,✅ Pass,✅ Pass,✅ Pass,✅ Pass,100% VERIFIED ✅
up-scholarship-2026,UP Scholarship Online Form 2026-27,admission,✅ Pass,✅ Pass,✅ Pass,✅ Pass,✅ Pass,✅ Pass,✅ Pass,100% VERIFIED ✅
rajasthan-safai-karmchari-2026,Rajasthan Safai Karmchari Recruitment 2026,latest-jobs,✅ Pass,✅ Pass,✅ Pass,✅ Pass,✅ Pass,✅ Pass,✅ Pass,100% VERIFIED ✅
rajasthan-sanitation-worker-jul26,LSG Rajasthan Safai Karamchari Recruitment 2026 Apply Online for,latest-jobs,✅ Pass,✅ Pass,✅ Pass,✅ Pass,✅ Pass,✅ Pass,✅ Pass,100% VERIFIED ✅
rajasthan-safai-karmchari-2026-syllabus,Rajasthan Safai Karmchari Recruitment 2026 Syllabus & Exam Pattern 2026,syllabus,✅ Pass,✅ Pass,✅ Pass,✅ Pass,✅ Pass,✅ Pass,✅ Pass,100% VERIFIED ✅
bpsc-tre-4-2026,Bihar School Teacher TRE 4.0 Recruitment 2026 Online Form for 32388 Post,latest-jobs,✅ Pass,✅ Pass,✅ Pass,✅ Pass,✅ Pass,✅ Pass,✅ Pass,100% VERIFIED ✅
upsssc-livestock-17-exam-2026,UPSSSC Livestock Extension Officer LEO पशुधन प्रसार अधिकारी Main Examination 2026 Apply Online for 1251 Post,latest-jobs,✅ Pass,✅ Pass,✅ Pass,✅ Pass,✅ Pass,✅ Pass,✅ Pass,100% VERIFIED ✅
bpsc-school-teacher-tre-4-0-2026,BPSC School Teacher TRE 4.0 Recruitment 2026,latest-jobs,✅ Pass,✅ Pass,✅ Pass,✅ Pass,✅ Pass,✅ Pass,✅ Pass,100% VERIFIED ✅
bpsc-school-teacher-tre-4-0-2026-syllabus,BPSC School Teacher TRE 4.0 Recruitment 2026 Syllabus & Exam Pattern 2026,syllabus,✅ Pass,✅ Pass,✅ Pass,✅ Pass,✅ Pass,✅ Pass,✅ Pass,100% VERIFIED ✅
upsssc-veterinary-pharmacist-2026,UPSSSC Veterinary Pharmacist Recruitment 2026,latest-jobs,✅ Pass,✅ Pass,✅ Pass,✅ Pass,✅ Pass,✅ Pass,✅ Pass,100% VERIFIED ✅
upsssc-veterinary-18-exam-2026,UPSSSC Veterinary Pharmacist Main Examination 2026 Apply Online for 1308 Post,latest-jobs,✅ Pass,✅ Pass,✅ Pass,✅ Pass,✅ Pass,✅ Pass,✅ Pass,100% VERIFIED ✅
upsssc-junior-engineer-je-agriculture-2026,UPSSSC Junior Engineer JE (Agriculture) Recruitment 2026,latest-jobs,✅ Pass,✅ Pass,✅ Pass,✅ Pass,✅ Pass,✅ Pass,✅ Pass,100% VERIFIED ✅
upsssc-j-e-agriculture-august26,UPSSSC Junior Engineer Agriculture Main Examination 2026 Apply Online for 134 Post,latest-jobs,✅ Pass,✅ Pass,✅ Pass,✅ Pass,✅ Pass,✅ Pass,✅ Pass,100% VERIFIED ✅
nielit-ccc-july26,NIELIT CCC Exam 2026 Apply Online Form for Course on Computer Concepts CCC,latest-jobs,✅ Pass,✅ Pass,✅ Pass,✅ Pass,✅ Pass,✅ Pass,✅ Pass,100% VERIFIED ✅
nielit-ccc-online-form,NIELIT CCC Exam 2026 Apply Online Form for Course on Computer Concepts CCC,latest-jobs,✅ Pass,✅ Pass,✅ Pass,✅ Pass,✅ Pass,✅ Pass,✅ Pass,100% VERIFIED ✅
sbi-clerk-backlog-2026,State Bank of India SBI Junior Associates Clerk Recruitment 2026 : Apply Online for 1538 Backlog Post,latest-jobs,✅ Pass,✅ Pass,✅ Pass,✅ Pass,✅ Pass,✅ Pass,✅ Pass,100% VERIFIED ✅
up-anganwadi-helper-june26,"UP Uttar Pradesh Anganwadi Helper Bharti Recruitment 2026 Apply Online District Wise Vacancy Details, Ambedkar Nagar, Maharajganj, Kanpur Nagar, Chitrakoot, Kushinagar, Lalitpur",latest-jobs,✅ Pass,✅ Pass,✅ Pass,✅ Pass,✅ Pass,✅ Pass,✅ Pass,100% VERIFIED ✅
up-anganwadi-worker,"UP Anganwadi Worker Bharti Recruitment 2026 Apply Online District Wise Vacancy Details Bareilly, Sonbhadra, Etawah, Maharajganj, Muzaffarnagar Chitrakoot, Jhansi and other Various District",latest-jobs,✅ Pass,✅ Pass,✅ Pass,✅ Pass,✅ Pass,✅ Pass,✅ Pass,100% VERIFIED ✅
upessc-uptgt-uppgt-syllabus,Uttar Pradesh UPESSC UP TGT & UP PGT 2026 Syllabus,latest-jobs,✅ Pass,✅ Pass,✅ Pass,✅ Pass,✅ Pass,✅ Pass,✅ Pass,100% VERIFIED ✅
iit-jam-2027,IIT JAM Admission Form 2026,admission,✅ Pass,✅ Pass,✅ Pass,✅ Pass,✅ Pass,✅ Pass,✅ Pass,100% VERIFIED ✅
aibe-22nd-august26,All India Bar Examination AIBE 22nd Examination 2026 Apply Online,latest-jobs,✅ Pass,✅ Pass,✅ Pass,✅ Pass,✅ Pass,✅ Pass,✅ Pass,100% VERIFIED ✅
2026-aibe-22th-aug26,AIBE 22th Online Form 2026,admission,✅ Pass,✅ Pass,✅ Pass,✅ Pass,✅ Pass,✅ Pass,✅ Pass,100% VERIFIED ✅
clat-admission-jul26,CLAT Common Law Admission Test 2027 Apply Online Form 2026,latest-jobs,✅ Pass,✅ Pass,✅ Pass,✅ Pass,✅ Pass,✅ Pass,✅ Pass,100% VERIFIED ✅
clat-2026,CLAT Admission Form 2026,admission,✅ Pass,✅ Pass,✅ Pass,✅ Pass,✅ Pass,✅ Pass,✅ Pass,100% VERIFIED ✅
ibps-clerk-16th-2026-syllabus,IBPS Clerk (CSA) 16th Recruitment 2026 Syllabus & Exam Pattern 2026,syllabus,✅ Pass,✅ Pass,✅ Pass,✅ Pass,✅ Pass,✅ Pass,✅ Pass,100% VERIFIED ✅
nicl-assistant-2026,NICL Assistant Pre Admit Card 2026,admit-card,✅ Pass,✅ Pass,✅ Pass,✅ Pass,✅ Pass,✅ Pass,✅ Pass,100% VERIFIED ✅
bihar-bseb-deled-2026,Bihar BSEB DElEd Common Application Form 2026,admission,✅ Pass,✅ Pass,✅ Pass,✅ Pass,✅ Pass,✅ Pass,✅ Pass,100% VERIFIED ✅
csbc-bihar-prohibition-constable-2026-syllabus,Bihar Police Prohibition Constable Result 2026 Syllabus & Exam Pattern 2026,syllabus,✅ Pass,✅ Pass,✅ Pass,✅ Pass,✅ Pass,✅ Pass,✅ Pass,100% VERIFIED ✅
ssc-chsl-2026-syllabus,SSC 10+2 CHSL 2025 FRTA Result Syllabus & Exam Pattern 2026,syllabus,✅ Pass,✅ Pass,✅ Pass,✅ Pass,✅ Pass,✅ Pass,✅ Pass,100% VERIFIED ✅
rpsc-rajasthan-police-si-telecom-2025-syllabus,RPSC Rajasthan Police SI Telecom Final Result 2026 Syllabus & Exam Pattern 2026,syllabus,✅ Pass,✅ Pass,✅ Pass,✅ Pass,✅ Pass,✅ Pass,✅ Pass,100% VERIFIED ✅
