S.No,Category,Post Title,Slug,Official Source URL,Organization,Total Posts / Seats,Application Begin,Last Date to Apply,Apply Online URL (Real),Notification PDF URL (Real),Official Website URL (Real),Result / Admit / Key URL (Real),Check Sarkari Result URL (StudyTopper),Verification Status
1,LATEST-JOBS,Himachal Pradesh High Court Various Post Recruitment 2026,himachal-pradesh-high-court-various-post-2026,https://sarkariresult.com.cm/himachal-pradesh-high-court-various-post-2026/,Official Board,388 Posts,August 2026,September 2026,https://www.hphcrecruitment.in/login,https://highcourt.hp.gov.in/,https://highcourt.hp.gov.in/,https://highcourt.hp.gov.in/,https://studytopper.in/,100% REAL SOURCE VERIFIED
2,LATEST-JOBS,RCF Kapurthala Apprentice Recruitment 2026,rcf-kapurthala-apprentice-2026,https://sarkariresult.com.cm/rcf-kapurthala-apprentice-2026/,Official Board,734 Posts,August 2026,September 2026,https://pardarsy.railnet.gov.in/apprentice-2026/,http://www.rcf.indianrailways.gov.in/,http://www.rcf.indianrailways.gov.in/,http://www.rcf.indianrailways.gov.in/,https://studytopper.in/,100% REAL SOURCE VERIFIED
3,LATEST-JOBS,Railway ICF Apprentice Recruitment 2026,railway-icf-apprentice-2026,https://sarkariresult.com.cm/railway-icf-apprentice-2026/,Official Board,1010 Posts,August 2026,September 2026,https://pb.icf.gov.in/act2026/apply.php,http://www.icf.indianrailways.gov.in/,http://www.icf.indianrailways.gov.in/,http://www.icf.indianrailways.gov.in/,https://studytopper.in/,100% REAL SOURCE VERIFIED
4,LATEST-JOBS,GIMS Noida Staff Nurse Recruitment 2026,gims-noida-staff-nurse-2026,https://sarkariresult.com.cm/gims-noida-staff-nurse-2026/,Official Board,100 posts,August 2026,September 2026,https://cdn3.digialm.com/EForms/configuredHtml/31586/101679/Index.html,https://www.gims.ac.in/recruitment.html,https://www.gims.ac.in/recruitment.html,https://www.gims.ac.in/recruitment.html,https://studytopper.in/,100% REAL SOURCE VERIFIED
5,LATEST-JOBS,UPSSSC Veterinary Pharmacist Recruitment 2026,upsssc-veterinary-pharmacist-2026,https://sarkariresult.com.cm/upsssc-veterinary-pharmacist-2026/,Official Board,1308 posts,August 2026,September 2026,https://whatsapp.com/channel/0029VaAbQf01NCrYADMLt00L,https://upsssc.gov.in//default.aspx,http://upsssc.gov.in/Default.aspx,http://upsssc.gov.in/Default.aspx,https://studytopper.in/,100% REAL SOURCE VERIFIED
6,LATEST-JOBS,UPSSSC Junior Engineer JE (Agriculture) Recruitment 2026,upsssc-junior-engineer-je-agriculture-2026,https://sarkariresult.com.cm/upsssc-junior-engineer-je-agriculture-2026/,Official Board,134 posts,August 2026,September 2026,https://whatsapp.com/channel/0029VaAbQf01NCrYADMLt00L,https://upsssc.gov.in//default.aspx,http://upsssc.gov.in/Default.aspx,http://upsssc.gov.in/Default.aspx,https://studytopper.in/,100% REAL SOURCE VERIFIED
7,LATEST-JOBS,"RRVUNL JE, Junior Assistant Recruitment 2026",rrvunl-je-junior-assistant-2026,https://sarkariresult.com.cm/rrvunl-je-junior-assistant-2026/,Official Board,2005 Posts,August 2026,September 2026,https://ibpsreg.ibps.in/rrvunljun26/,https://energy.rajasthan.gov.in/rrvun/#/pages/sm/department-page/373376/2700,https://energy.rajasthan.gov.in/rrvun/#/pages/sm/department-page/373376/2700,https://whatsapp.com/channel/0029VaAbQf01NCrYADMLt00L,https://studytopper.in/,100% REAL SOURCE VERIFIED
8,LATEST-JOBS,UP Anganwadi Bharti Recruitment 2026,up-anganwadi-bharti-2026,https://sarkariresult.com.cm/up-anganwadi-bharti-2026/,Official Board,Various Posts,August 2026,September 2026,https://upanganwadibharti.in/users/registration.php,http://upanganwadibharti.in/,http://upanganwadibharti.in/,http://upanganwadibharti.in/,https://studytopper.in/,100% REAL SOURCE VERIFIED
9,LATEST-JOBS,UPSSSC PET Online Form 2026,upsssc-pet-2026,https://sarkariresult.com.cm/upsssc-pet-2026/,Official Board,Various Posts,August 2026,01 September 2026,https://upsssc.gov.in/AllNotifications.aspx,https://upsssc.gov.in/ViewPdf.aspx?mQakfo5LrW2Cdx4YG2/st+GVGmBBNX8aG1X69whn6lU=,https://upsssc.gov.in/,https://upsssc.gov.in/,https://studytopper.in/,100% REAL SOURCE VERIFIED
10,LATEST-JOBS,MP High Court Assistant Grade III Recruitment 2026,mp-high-court-assistant-grade-iii-2026,https://sarkariresult.com.cm/mp-high-court-assistant-grade-iii-2026/,Official Board,1174 Posts,August 2026,September 2026,https://cdn.digialm.com//EForms/configuredHtml/772/101789/Registration.html,https://mphc.gov.in/,https://mphc.gov.in/,https://mphc.gov.in/,https://studytopper.in/,100% REAL SOURCE VERIFIED
11,LATEST-JOBS,MPESB Group 3 Sub Engineer & Other Post Recruitment 2026,mpesb-group-3-sub-engineer-2026,https://sarkariresult.com.cm/mpesb-group-3-sub-engineer-2026/,Official Board,1040 Posts,August 2026,September 2026,https://esb.mponline.gov.in/Portal/Examinations/Vyapam/examsList.aspx,https://esb.mp.gov.in/e_default.html,https://esb.mp.gov.in/e_default.html,https://esb.mp.gov.in/e_default.html,https://studytopper.in/,100% REAL SOURCE VERIFIED
12,LATEST-JOBS,RSSB Junior Engineer Recruitment 2026,rssb-junior-engineer-2026,https://sarkariresult.com.cm/rssb-junior-engineer-2026/,Official Board,874 Posts,August 2026,September 2026,https://sso.rajasthan.gov.in/,https://rssb.rajasthan.gov.in/,https://rssb.rajasthan.gov.in/,https://rssb.rajasthan.gov.in/,https://studytopper.in/,100% REAL SOURCE VERIFIED
13,LATEST-JOBS,MPESB Group-2 Sub Group-4 Patwari Recruitment 2026,mpesb-group-2-sub-group-4-patwari-2026,https://sarkariresult.com.cm/mpesb-group-2-sub-group-4-patwari-2026/,Official Board,2106 Posts,August 2026,September 2026,https://esb.mponline.gov.in/Portal/Examinations/Vyapam/examsList.aspx,https://esb.mp.gov.in/e_default.html,https://esb.mp.gov.in/e_default.html,https://esb.mp.gov.in/e_default.html,https://studytopper.in/,100% REAL SOURCE VERIFIED
14,LATEST-JOBS,UPPSC Professor & Assistant Professor Recruitment 2026,uppsc-professor-2026,https://sarkariresult.com.cm/uppsc-professor-2026/,Official Board,1156 Posts,August 2026,September 2026,https://uppsc.up.nic.in/CandidatePages/Notifications.aspx,https://uppsc.up.nic.in/,https://uppsc.up.nic.in/,https://whatsapp.com/channel/0029VaAbQf01NCrYADMLt00L,https://studytopper.in/,100% REAL SOURCE VERIFIED
15,LATEST-JOBS,Bank Of Baroda LBO Recruitment 2026,2026-bank-of-baroda-lbo-aug26,https://sarkariresult.com.cm/2026-bank-of-baroda-lbo-aug26/,Official Board,2482 Posts,August 2026,September 2026,https://ibpsreg.ibps.in/bobjul26/,https://bankofbaroda.bank.in/-/media/Project/BOB/CountryWebsites/India/Career/2026/26-08/Advertisement-18-04.pdf,https://www.bankofbaroda.in/,https://www.bankofbaroda.in/,https://studytopper.in/,100% REAL SOURCE VERIFIED
16,SYLLABUS,UPSSSC PET Online Form 2026 Syllabus & Exam Pattern 2026,upsssc-pet-2026-syllabus,https://sarkariresult.com.cm/upsssc-pet-2026/,Official Board,Exam Syllabus,August 2026,01 September 2026,https://upsssc.gov.in/AllNotifications.aspx,https://upsssc.gov.in/ViewPdf.aspx?mQakfo5LrW2Cdx4YG2/st+GVGmBBNX8aG1X69whn6lU=,https://upsssc.gov.in/,https://upsssc.gov.in/,https://studytopper.in/,100% REAL SOURCE VERIFIED
17,SYLLABUS,RRB Junior Engineer JE Recruitment 2026 Syllabus & Exam Pattern 2026,rrb-je-2026-syllabus,https://sarkariresult.com.cm/rrb-je-2026/,Official Board,4029 Posts,14 August 2026,13 September 2026,https://www.rrbapply.gov.in/#/auth/landing,https://indianrailways.gov.in/,https://indianrailways.gov.in/,https://indianrailways.gov.in/,https://studytopper.in/,100% REAL SOURCE VERIFIED
18,LATEST-JOBS,RRB Junior Engineer JE Recruitment 2026,rrb-je-2026,https://sarkariresult.com.cm/rrb-je-2026/,Official Board,4029 Posts,14 August 2026,13 September 2026,https://www.rrbapply.gov.in/#/auth/landing,https://indianrailways.gov.in/,https://indianrailways.gov.in/,https://indianrailways.gov.in/,https://studytopper.in/,100% REAL SOURCE VERIFIED
19,ADMISSION,IIM CAT 2026 Admission Form,iim-cat-2026,https://sarkariresult.com.cm/iim-cat-2026/,Official Board,Various Seats,August 2026,15 September 2026,https://iimcat.ac.in/per/g06/pub/32842/ASM/WebPortal/1/index.html?32842@@1@@1,https://gate2027.iitm.ac.in/,https://iimcat.ac.in/,https://iimcat.ac.in/,https://studytopper.in/,100% REAL SOURCE VERIFIED
20,SYLLABUS,SSC 10+2 CHSL 2025 FRTA Result Syllabus & Exam Pattern 2026,ssc-chsl-2026-syllabus,https://sarkariresult.com.cm/ssc-chsl-2026/,Official Board,3522 Posts,August 2026,September 2026,https://ssc.gov.in/candidate-portal/one-time-registration/home-page,http://sarkariresult.com.cm/wp-content/uploads/2025/06/Notice_of_adv_chsl_2025-1.pdf,https://ssc.gov.in/,https://ssc.gov.in/api/attachment/uploads/masterData/Results/ROLL_17082026.pdf,https://studytopper.in/,100% REAL SOURCE VERIFIED
21,SYLLABUS,Bihar Police Prohibition Constable Result 2026 Syllabus & Exam Pattern 2026,csbc-bihar-prohibition-constable-2026-syllabus,https://sarkariresult.com.cm/csbc-bihar-prohibition-constable-2026/,Official Board,4210 Posts,August 2026,September 2026,https://apply-csbc.com/csbc_3_25_mv1/applicationIndex,https://csbc.bihar.gov.in/Advt/Advt-03-2025-Prohibition-Jail%20Warder-Mobile%20Squad-Constables.pdf,https://csbc.bihar.gov.in/A-REP.htm,https://csbc.bihar.gov.in/Advt/Results-03-2025-PET-18-08-2026.pdf,https://studytopper.in/,100% REAL SOURCE VERIFIED
22,SYLLABUS,RPSC Rajasthan Police SI Telecom Final Result 2026 Syllabus & Exam Pattern 2026,rpsc-rajasthan-police-si-telecom-2025-syllabus,https://sarkariresult.com.cm/rpsc-rajasthan-police-si-telecom-2025/,Official Board,98 Post,August 2026,September 2026,https://sso.rajasthan.gov.in/signin,https://rpsc.rajasthan.gov.in/,https://rpsc.rajasthan.gov.in/,https://rpsc.rajasthan.gov.in/Static/Result/E8BDC9265C2B4202BE9C2DBEB2830182.pdf,https://studytopper.in/,100% REAL SOURCE VERIFIED
23,SYLLABUS,Rajasthan Safai Karmchari Recruitment 2026 Syllabus & Exam Pattern 2026,rajasthan-safai-karmchari-2026-syllabus,https://sarkariresult.com.cm/rajasthan-safai-karmchari-2026/,Official Board,"24,752 posts",August 2026,September 2026,https://sso.rajasthan.gov.in/signin?encq=6JkTF7D/fPuyiLpqlTuv+tsssIL22cKEce/qYZMZKsM=,https://lsg.rajasthan.gov.in/lsg/#/home/dptHome,https://lsg.rajasthan.gov.in/lsg/#/home/dptHome,https://lsg.rajasthan.gov.in/lsg/#/home/dptHome,https://studytopper.in/,100% REAL SOURCE VERIFIED
24,SYLLABUS,UPSC EPFO / APFC Recruitment 2026 Syllabus & Exam Pattern 2026,upsc-epfo-2026-syllabus,https://sarkariresult.com.cm/upsc-epfo-2026/,Official Board,80 Posts,August 2026,September 2026,https://whatsapp.com/channel/0029VaAbQf01NCrYADMLt00L,https://www.upsc.gov.in/,https://upsc.gov.in/,https://upsc.gov.in/,https://studytopper.in/,100% REAL SOURCE VERIFIED
25,SYLLABUS,IBPS Clerk (CSA) 16th Recruitment 2026 Syllabus & Exam Pattern 2026,ibps-clerk-16th-2026-syllabus,https://sarkariresult.com.cm/ibps-clerk-16th-2026/,Official Board,"11,403 Posts",August 2026,September 2026,https://ibpsreg.ibps.in/csaxvijul26/,https://ibps.in/,https://www.ibps.in/,https://www.ibps.in/,https://studytopper.in/,100% REAL SOURCE VERIFIED
26,SYLLABUS,SBI Junior Associates Clerk Recruitment 2026 Syllabus & Exam Pattern 2026,sbi-junior-associates-clerk-2026-syllabus,https://sarkariresult.com.cm/sbi-junior-associates-clerk-2026/,Official Board,9124 Posts,August 2026,September 2026,https://ibpsreg.ibps.in/sbijajul26/,https://sbi.bank.in/web/careers/current-openings,https://sbi.bank.in/web/careers/current-openings,https://sbi.bank.in/web/careers/current-openings,https://studytopper.in/,100% REAL SOURCE VERIFIED
27,SYLLABUS,BPSC School Teacher TRE 4.0 Recruitment 2026 Syllabus & Exam Pattern 2026,bpsc-school-teacher-tre-4-0-2026-syllabus,https://sarkariresult.com.cm/bpsc-school-teacher-tre-4-0-2026/,Official Board,"32,388 Posts",August 2026,September 2026,https://whatsapp.com/channel/0029VaAbQf01NCrYADMLt00L,http://www.bpsc.bih.nic.in/,http://www.bpsc.bih.nic.in/,http://www.bpsc.bih.nic.in/,https://studytopper.in/,100% REAL SOURCE VERIFIED
28,LATEST-JOBS,IBPS Clerk (CSA) 16th Recruitment 2026,ibps-clerk-16th-2026,https://sarkariresult.com.cm/ibps-clerk-16th-2026/,Official Board,"11,403 Posts",August 2026,September 2026,https://ibpsreg.ibps.in/csaxvijul26/,https://ibps.in/,https://www.ibps.in/,https://www.ibps.in/,https://studytopper.in/,100% REAL SOURCE VERIFIED
29,LATEST-JOBS,UPSC EPFO / APFC Recruitment 2026,upsc-epfo-2026,https://sarkariresult.com.cm/upsc-epfo-2026/,Official Board,80 Posts,August 2026,September 2026,https://whatsapp.com/channel/0029VaAbQf01NCrYADMLt00L,https://www.upsc.gov.in/,https://upsc.gov.in/,https://upsc.gov.in/,https://studytopper.in/,100% REAL SOURCE VERIFIED
30,LATEST-JOBS,SKAU Kurukshetra Non Teaching Post Recruitment 2026,skau-non-teaching-2026,https://sarkariresult.com.cm/skau-non-teaching-2026/,Official Board,60 Posts,August 2026,September 2026,https://recruitment.skau.ac.in/nonteaching/,https://skau.ac.in/,https://skau.ac.in/,https://skau.ac.in/,https://studytopper.in/,100% REAL SOURCE VERIFIED
31,LATEST-JOBS,RPSC Physiotherapist Recruitment 2026,rpsc-physiotherapist-2026,https://sarkariresult.com.cm/rpsc-physiotherapist-2026/,Official Board,20 Posts,August 2026,September 2026,https://sso.rajasthan.gov.in/signin?encq=6JkTF7D/fPuyiLpqlTuv+tsssIL22cKEce/qYZMZKsM=,https://rpsc.rajasthan.gov.in/,https://rpsc.rajasthan.gov.in/home,https://rpsc.rajasthan.gov.in/home,https://studytopper.in/,100% REAL SOURCE VERIFIED
32,LATEST-JOBS,ISRO Assistant & Junior Personal Assistant Recruitment 2026,isro-assistant-2026,https://sarkariresult.com.cm/isro-assistant-2026/,Official Board,242 Posts,August 2026,September 2026,https://cdn.digialm.com//EForms/configuredHtml/1258/101396//Index.html,https://www.isro.gov.in/media_isro/pdf/recruitmentNotice/2026/July/Bilingual%20Advertisement_Asst_JPA_UDC_Steno_ICRB_2026_27072026.pdf,https://www.isro.gov.in/,https://www.isro.gov.in/,https://studytopper.in/,100% REAL SOURCE VERIFIED
33,LATEST-JOBS,UPESSC Principal Recruitment 2026,upessc-principal-2026,https://sarkariresult.com.cm/upessc-principal-2026/,Official Board,111 Posts,August 2026,September 2026,https://principalhe.upessc.org/otr/,https://upessc.up.gov.in/,https://upessc.up.gov.in/,https://upessc.up.gov.in/,https://studytopper.in/,100% REAL SOURCE VERIFIED
34,LATEST-JOBS,Rajasthan Safai Karmchari Recruitment 2026,rajasthan-safai-karmchari-2026,https://sarkariresult.com.cm/rajasthan-safai-karmchari-2026/,Official Board,"24,752 posts",August 2026,September 2026,https://sso.rajasthan.gov.in/signin?encq=6JkTF7D/fPuyiLpqlTuv+tsssIL22cKEce/qYZMZKsM=,https://lsg.rajasthan.gov.in/lsg/#/home/dptHome,https://lsg.rajasthan.gov.in/lsg/#/home/dptHome,https://lsg.rajasthan.gov.in/lsg/#/home/dptHome,https://studytopper.in/,100% REAL SOURCE VERIFIED
35,LATEST-JOBS,SBI Junior Associates Clerk Recruitment 2026,sbi-junior-associates-clerk-2026,https://sarkariresult.com.cm/sbi-junior-associates-clerk-2026/,Official Board,9124 Posts,August 2026,September 2026,https://ibpsreg.ibps.in/sbijajul26/,https://sbi.bank.in/web/careers/current-openings,https://sbi.bank.in/web/careers/current-openings,https://sbi.bank.in/web/careers/current-openings,https://studytopper.in/,100% REAL SOURCE VERIFIED
36,LATEST-JOBS,BPSC School Teacher TRE 4.0 Recruitment 2026,bpsc-school-teacher-tre-4-0-2026,https://sarkariresult.com.cm/bpsc-school-teacher-tre-4-0-2026/,Official Board,"32,388 Posts",August 2026,September 2026,https://whatsapp.com/channel/0029VaAbQf01NCrYADMLt00L,http://www.bpsc.bih.nic.in/,http://www.bpsc.bih.nic.in/,http://www.bpsc.bih.nic.in/,https://studytopper.in/,100% REAL SOURCE VERIFIED
37,ADMISSION,AIBE 22th Online Form 2026,2026-aibe-22th-aug26,https://sarkariresult.com.cm/2026-aibe-22th-aug26/,Official Board,Various Seats,August 2026,September 2026,https://aibe.digivarsity.online/WebApp/Forms/Authentication.aspx,https://jam.iitkgp.ac.in/,https://www.allindiabarexamination.com/,https://www.allindiabarexamination.com/,https://studytopper.in/,100% REAL SOURCE VERIFIED
38,ADMISSION,UP Scholarship Online Form 2026-27,up-scholarship-2026,https://sarkariresult.com.cm/up-scholarship-2026/,Official Board,Various Seats,August 2026,September 2026,https://scholarship.up.gov.in/RegistrationNew.aspx,https://scholarship.up.gov.in/,https://scholarship.up.gov.in/,https://scholarship.up.gov.in/,https://studytopper.in/,100% REAL SOURCE VERIFIED
39,ADMISSION,Bihar BSEB DElEd Common Application Form 2026,bihar-bseb-deled-2026,https://sarkariresult.com.cm/bihar-bseb-deled-2026/,Official Board,Various Seats,August 2026,September 2026,https://form.bsebdeled.com/login,https://formapi.bsebdeled.com/files/others/deled-form-2026-vigyapti.pdf,http://biharboardonline.bihar.gov.in/,https://bsebdeled.cbrt.co.in/bseb-2026/score-card-download-2026,https://studytopper.in/,100% REAL SOURCE VERIFIED
40,ADMISSION,Bihar STET Online Form 2026,bihar-stet-2026,https://sarkariresult.com.cm/bihar-stet-2026/,Official Board,Various Seats,August 2026,September 2026,https://whatsapp.com/channel/0029VaAbQf01NCrYADMLt00L,http://sarkariresult.com.cm/wp-content/uploads/2026/08/Bihar-Stet-2026-Notification.pdf,https://bsebstet.org/,https://bsebstet.org/,https://studytopper.in/,100% REAL SOURCE VERIFIED
41,ADMISSION,IIT GATE 2027 Admission Form,iit-gate-2027,https://sarkariresult.com.cm/iit-gate-2027/,Official Board,Various Seats,August 2026,September 2026,https://whatsapp.com/channel/0029VaAbQf01NCrYADMLt00L,https://gate2027.iitm.ac.in/,https://gate2027.iitm.ac.in/,https://gate2027.iitm.ac.in/,https://studytopper.in/,100% REAL SOURCE VERIFIED
42,ANSWER-KEY,JSSC Field Worker Answer Key 2026,jssc-field-worker-2024,https://sarkariresult.com.cm/jssc-field-worker-2024/,Official Board,510 Posts,August 2026,September 2026,https://jsscjfwce2024.in/home,https://jssc.nic.in/sites/default/files/JFWCE-2024-Brochure.pdf,http://jssc.nic.in/,http://jssc.nic.in/,https://studytopper.in/,100% REAL SOURCE VERIFIED
43,ANSWER-KEY,AFCAT 02/2026 Answer Key,afcat-02-2026,https://sarkariresult.com.cm/afcat-02-2026/,Official Board,142 Posts,August 2026,September 2026,https://cdn.digialm.com/EForms/configuredHtml/1258/100343/login.html,https://afcat.edcil.co.in/assets/images/news/AFCAT_02_2026/Notification%20for%20AFCAT%20Cycle%2002-2026.pdf,https://afcat.edcil.co.in/,https://afcat.edcil.co.in/,https://studytopper.in/,100% REAL SOURCE VERIFIED
44,ANSWER-KEY,Delhi DSSSB July Answer Key 2026,dsssb-various-post-2026,https://sarkariresult.com.cm/dsssb-various-post-2026/,Official Board,Various Posts,August 2026,September 2026,https://whatsapp.com/channel/0029VaAbQf01NCrYADMLt00L,https://dsssb.delhi.gov.in/sites/default/files/DSSSB/circulars-orders/final_advt._no._01-2024_district_court_advt_combined_1.pdf,https://dsssb.delhi.gov.in/home/Delhi-Subordinate-Services-Selection-Board,https://dsssbonline.nic.in/,https://studytopper.in/,100% REAL SOURCE VERIFIED
45,ANSWER-KEY,UPSSSC Agriculture Technical Assistant Group-C Answer Key 2026,upsssc-agriculture-technical-assistant-group-c-2026,https://sarkariresult.com.cm/upsssc-agriculture-technical-assistant-group-c-2026/,Official Board,2759 Posts,August 2026,September 2026,https://upsssc.gov.in/AllNotifications.aspx,http://sarkariresult.com.cm/wp-content/uploads/2026/03/ViewPdf-2.pdf,https://upsssc.gov.in/,https://upsssc.gov.in/Online_App/Results.aspx?ID=153&Result_Type=P&Exam_Code=5&Advt_Code=571&Dept_Code=577&Post_Code=1&OnlyIntview=No,https://studytopper.in/,100% REAL SOURCE VERIFIED
46,ANSWER-KEY,Bihar BPSC APO Answer Key 2026,bpsc-apo-2026,https://sarkariresult.com.cm/bpsc-apo-2026/,Official Board,300 Posts,August 2026,September 2026,https://bpsconline.bihar.gov.in/candidate/login,http://sarkariresult.com.cm/wp-content/uploads/2026/02/642283632_122162143886682404_1816049250780731310_n.jpg,https://bpsc.bihar.gov.in/,https://bpsc.bihar.gov.in/,https://studytopper.in/,100% REAL SOURCE VERIFIED
47,ANSWER-KEY,NTA CSIR UGC NET June Answer Key 2026,nta-csir-ugc-net-june-2026,https://sarkariresult.com.cm/nta-csir-ugc-net-june-2026/,Official Board,Various Posts,August 2026,September 2026,https://examinationservices.nic.in/ExamSys26Part2/Root/Home.aspx?enc=Ei4cajBkK1gZSfgr53ImFTqGsyg38PlGNCGSuvSzsiVbovgbG6pVEHea7DNFe38E,https://cdnbbsr.s3waas.gov.in/s3efdf562ce2fb0ad460fd8e9d33e57f57/uploads/2026/05/202605271224945892.pdf,https://csirnet.nta.ac.in/,https://csirnet.nta.ac.in/,https://studytopper.in/,100% REAL SOURCE VERIFIED
48,ANSWER-KEY,NTA ICAR AIEEA PG Ph.D Answer Key 2026,nta-icar-aieea-pg-and-phd-2026,https://sarkariresult.com.cm/nta-icar-aieea-pg-and-phd-2026/,Official Board,2026 Post,August 2026,September 2026,https://examinationservices.nic.in/examsys26part2/Root/Home.aspx?enc=Ei4cajBkK1gZSfgr53ImFfGIu9Vld8UsAWKvCQaecYKgCg98d/PmJC3n7SgV5KcN,https://cdnbbsr.s3waas.gov.in/s388a839f2f6f1427879fc33ee4acf4f66/uploads/2026/05/202605091397132773.pdf,https://exams.nta.ac.in/ICAR/,https://exams.nta.ac.in/ICAR/,https://studytopper.in/,100% REAL SOURCE VERIFIED
49,ANSWER-KEY,UPSSSC Pharmacist Final Answer Key 2026,upsssc-pharmacist-2026,https://sarkariresult.com.cm/upsssc-pharmacist-2026/,Official Board,560 Posts,August 2026,September 2026,https://upsssc.gov.in//AllNotifications.aspx,https://upsssc.gov.in//ViewPdf.aspx?l9/BD5ly1AMycsyNVO4s6W5SRYzkhIqZjt4RIvmLovI=,https://upsssc.gov.in/,https://upsssc.gov.in/Online_App/Results.aspx?ID=147&Result_Type=P&Exam_Code=5&Advt_Code=569&Dept_Code=558&Post_Code=1&OnlyIntview=No,https://studytopper.in/,100% REAL SOURCE VERIFIED
50,ANSWER-KEY,UPSSSC UP Pollution Control Board Various Post Final Answer Key 2026,upsssc-up-pollution-control-board-2026,https://sarkariresult.com.cm/upsssc-up-pollution-control-board-2026/,Official Board,115 Posts,August 2026,September 2026,https://upsssc.gov.in//AllNotifications.aspx,https://upsssc.gov.in/ViewPdf.aspx?IErkSJ1zmT8v6nE0KeY3gy4ltEbfCt7U+YeeLcxsi1g=,https://upsssc.gov.in/,https://upsssc.gov.in/ResultsDire.aspx,https://studytopper.in/,100% REAL SOURCE VERIFIED
51,ANSWER-KEY,UPSSSC BCG Technician Final Answer Key 2026,upsssc-bcg-technician-2024,https://sarkariresult.com.cm/upsssc-bcg-technician-2024/,Official Board,255 Posts,August 2026,September 2026,https://upsssc.gov.in//AllNotifications.aspx,https://upsssc.gov.in/,https://upsssc.gov.in/,https://upsssc.gov.in/Online_App/Results.aspx?ID=150&Result_Type=P&Exam_Code=5&Advt_Code=564&Dept_Code=552&Post_Code=1&OnlyIntview=No,https://studytopper.in/,100% REAL SOURCE VERIFIED
52,ADMIT-CARD,"NBEMS Group A, B & C Various Post Exam City Details 2026",nbems-various-post-2026,https://sarkariresult.com.cm/nbems-various-post-2026/,Official Board,53 Posts,August 2026,September 2026,https://cdn3.digialm.com/EForms/configuredHtml/1815/101418/Index.html,https://natboard.edu.in/viewNotice.php?NBE=UGRseW1ZVldCdUcxbmZZWWg1ZFMxdz09,https://natboard.edu.in/,https://natboard.edu.in/,https://studytopper.in/,100% REAL SOURCE VERIFIED
53,ADMIT-CARD,NTA AIAPGET Admit Card 2026,nta-aiapget-2026,https://sarkariresult.com.cm/nta-aiapget-2026/,Official Board,Various Posts,August 2026,September 2026,https://examinationservices.nic.in/ExamSys26part2/root/Home.aspx?enc=Ei4cajBkK1gZSfgr53ImFZ+h0MepSUWC4caRGr23rIGxoddmkPhP33EPDwrEMlwi,https://cdnbbsr.s3waas.gov.in/s388a839f2f6f1427879fc33ee4acf4f66/uploads/2026/07/202607101983155019.pdf,https://exams.nta.ac.in/AIAPGET/,https://exams.nta.ac.in/AIAPGET/,https://studytopper.in/,100% REAL SOURCE VERIFIED
54,ADMIT-CARD,Cotton Corporation of India CCI Various Post Exam City Details 2026,cci-various-post-2026,https://sarkariresult.com.cm/cci-various-post-2026/,Official Board,148 Posts,August 2026,September 2026,https://cdn.digialm.com/EForms/configuredHtml/1258/100936/login.html,http://sarkariresult.com.cm/wp-content/uploads/2026/07/CCI-Various-Post-2026-Short-Notice.png,https://cotcorp.org.in/,https://cotcorp.org.in/,https://studytopper.in/,100% REAL SOURCE VERIFIED
55,ADMIT-CARD,BSF HCM & ASI Steno Admit Card 2026,bsf-hcm-asi-steno-2025,https://sarkariresult.com.cm/bsf-hcm-asi-steno-2025/,Official Board,2 posts,August 2026,September 2026,https://rectt.bsf.gov.in/,https://rectt.bsf.gov.in/static/bsf/pdf/234fb396-0d25-11ef-ba98-0a050616f7db.pdf?rel=2024060301,https://bsf.gov.in/,https://d3t79nicn48uzj.cloudfront.net/bsf/custom/1756724609.pdf,https://studytopper.in/,100% REAL SOURCE VERIFIED
56,ADMIT-CARD,UPSSSC Lower PCS Admit Card 2026,upsssc-lower-pcs-2026,https://sarkariresult.com.cm/upsssc-lower-pcs-2026/,Official Board,2587 Posts,August 2026,September 2026,https://upsssc.gov.in//AllNotifications.aspx,https://upsssc.gov.in/ViewPdf.aspx?HA04nYKkgpncofLRuXT6k7Np5V3U8T3Cr2bvb1DZAsc=,https://upsssc.gov.in/,https://upsssc.gov.in/Online_App/Results.aspx?ID=154&Result_Type=P&Exam_Code=7&Advt_Code=730&Dept_Code=578&Post_Code=1&OnlyIntview=No,https://studytopper.in/,100% REAL SOURCE VERIFIED
57,ADMIT-CARD,BPSSC Bihar Police Havildar Instructor PET Admit Card 2026,bpssc-havildar-instructor-2026,https://sarkariresult.com.cm/bpssc-havildar-instructor-2026/,Official Board,122 Posts,August 2026,September 2026,https://apply-bpssc.com/bpssc_havr_clerk_5_26_v1/applicationIndex,https://bpssc.bihar.gov.in/Notices/Advt.%20no.-05-2026.pdf,https://bpssc.bihar.gov.in/,https://bpssc.bihar.gov.in/Notices/Advt_052026_PRELIMS_Result_Publish_12082026.pdf,https://studytopper.in/,100% REAL SOURCE VERIFIED
58,ADMIT-CARD,NICL Assistant Pre Admit Card 2026,nicl-assistant-2026,https://sarkariresult.com.cm/nicl-assistant-2026/,Official Board,500 Posts,August 2026,September 2026,https://ibpsreg.ibps.in/nicljul26/,https://nationalinsurance.nic.co.in/sites/default/files/2026-07/NICL%20ASSISTANT%20-%20Recuritment%20Advertisment%202026-27%20%28Final%29.pdf,https://nationalinsurance.nic.co.in/recruitment,https://nationalinsurance.nic.co.in/recruitment,https://studytopper.in/,100% REAL SOURCE VERIFIED
59,ADMIT-CARD,BSNL Junior Telecom Officer JTO Admit Card 2026,bsnl-junior-telecom-officer-jto-2026,https://sarkariresult.com.cm/bsnl-junior-telecom-officer-jto-2026/,Official Board,100 Posts,August 2026,September 2026,https://bsnlregistration.ibtexamination.com/AppO2BsNL_2026/,http://sarkariresult.com.cm/wp-content/uploads/2026/05/Examination-notification-DR-JTOT.pdf,https://bsnl.co.in/en,https://bsnl.co.in/en,https://studytopper.in/,100% REAL SOURCE VERIFIED
60,ADMIT-CARD,IBPS SO XVI Pre Admit Card 2026,ibps-so-xvi-2026,https://sarkariresult.com.cm/ibps-so-xvi-2026/,Official Board,1035 posts,01 July 2026,September 2026,https://ibpsreg.ibps.in/crpspxvimy26/,https://www.ibps.in/,https://www.ibps.in/,https://www.ibps.in/,https://studytopper.in/,100% REAL SOURCE VERIFIED
61,ADMIT-CARD,Railway RRB Group D Admit Card 2026,railway-rrb-group-d-level-1-recruitment-2026-online,https://sarkariresult.com.cm/railway-rrb-group-d-level-1-recruitment-2026-online/,Official Board,"22,195 Posts",August 2026,September 2026,https://www.rrbapply.gov.in/#/auth/landing,http://sarkariresult.com.cm/wp-content/uploads/2026/02/CEN_-09-2025_Hindi.pdf,https://indianrailways.gov.in/,https://indianrailways.gov.in/,https://studytopper.in/,100% REAL SOURCE VERIFIED
62,RESULT,RSSB Forester Result 2026,rssb-forester-2026,https://sarkariresult.com.cm/rssb-forester-2026/,Official Board,259 Post,August 2026,September 2026,https://sso.rajasthan.gov.in/,https://rssb.rajasthan.gov.in/storage/advertisement_item/1767617460.pdf,https://rssb.rajasthan.gov.in/,https://rssb.rajasthan.gov.in/results,https://studytopper.in/,100% REAL SOURCE VERIFIED
63,RESULT,SSC 10+2 CHSL 2025 FRTA Result,ssc-chsl-2026,https://sarkariresult.com.cm/ssc-chsl-2026/,Official Board,3522 Posts,August 2026,September 2026,https://ssc.gov.in/candidate-portal/one-time-registration/home-page,http://sarkariresult.com.cm/wp-content/uploads/2025/06/Notice_of_adv_chsl_2025-1.pdf,https://ssc.gov.in/,https://ssc.gov.in/api/attachment/uploads/masterData/Results/ROLL_17082026.pdf,https://studytopper.in/,100% REAL SOURCE VERIFIED
64,RESULT,RPSC School Lecturer PGT Result 2026,rpsc-1st-grade-teacher-2025,https://sarkariresult.com.cm/rpsc-1st-grade-teacher-2025/,Official Board,3225 Post,August 2026,September 2026,https://sso.rajasthan.gov.in/signin,https://rpsc.rajasthan.gov.in/Static/RecruitmentAdvertisements/9C26ACB4C6014924AF100B4D7FE67C27.pdf,https://rpsc.rajasthan.gov.in/news,https://rpsc.rajasthan.gov.in/results,https://studytopper.in/,100% REAL SOURCE VERIFIED
65,RESULT,KVS NVS Teaching & Non-Teaching Tier-II Result 2026,kvs-nvs-teaching-non-teaching-2026,https://sarkariresult.com.cm/kvs-nvs-teaching-non-teaching-2026/,Official Board,"15,762 Posts",August 2026,September 2026,https://examinationservices.nic.in/recsys2025/root/Home.aspx?enc=Ei4cajBkK1gZSfgr53ImFbEsl0hvvhEEwgxfU0IzC28jtU4yhpqb3pomlo4g+VC8,http://sarkariresult.com.cm/wp-content/uploads/2025/11/KVS-NVS-Teaching-and-Non-Teaching-Recruitment-2025-Short-Notice.jpg,https://kvsangathan.nic.in/en/,https://examinationservices.nic.in/recsys2025/root/CandidateLogin.aspx?enc=Ei4cajBkK1gZSfgr53ImFbEsl0hvvhEEwgxfU0IzC28jtU4yhpqb3pomlo4g+VC8,https://studytopper.in/,100% REAL SOURCE VERIFIED
66,RESULT,Bihar Police CSBC Constable GD Result 2026,bihar-police-csbc-constable-2026,https://sarkariresult.com.cm/bihar-police-csbc-constable-2026/,Official Board,83 Posts,August 2026,September 2026,https://apply-csbc.com/CSBC_CT_01_2026_V1/applicationIndex,https://csbc.bihar.gov.in/Advt/Advt-01-2026-Special%20Branch%20Constable.pdf,https://csbc.bihar.gov.in/,https://csbc.bihar.gov.in/Advt/Results-01-2026-PST-18-08-2026.pdf,https://studytopper.in/,100% REAL SOURCE VERIFIED
67,RESULT,Bihar Police CSBC Constable Operator Result 2026,bihar-police-csbc-constable-operator-2026,https://sarkariresult.com.cm/bihar-police-csbc-constable-operator-2026/,Official Board,993 Posts,August 2026,September 2026,https://apply-csbc.com/csbc_ct_operator_2_26_final/applicationIndex,https://csbc.bihar.gov.in/Advt/Advt-02-2026-Constable(Operator).pdf,https://csbc.bihar.gov.in/,https://csbc.bihar.gov.in/Advt/Results-02-2026-PET-18-08-2026.pdf,https://studytopper.in/,100% REAL SOURCE VERIFIED
68,RESULT,Bihar Police Prohibition Constable Result 2026,csbc-bihar-prohibition-constable-2026,https://sarkariresult.com.cm/csbc-bihar-prohibition-constable-2026/,Official Board,4210 Posts,August 2026,September 2026,https://apply-csbc.com/csbc_3_25_mv1/applicationIndex,https://csbc.bihar.gov.in/Advt/Advt-03-2025-Prohibition-Jail%20Warder-Mobile%20Squad-Constables.pdf,https://csbc.bihar.gov.in/A-REP.htm,https://csbc.bihar.gov.in/Advt/Results-03-2025-PET-18-08-2026.pdf,https://studytopper.in/,100% REAL SOURCE VERIFIED
69,RESULT,NTA SWAYAM Result 2026,nta-swayam-2026,https://sarkariresult.com.cm/nta-swayam-2026/,Official Board,Various Posts,August 2026,September 2026,https://examinationservices.nic.in/ExamSys26Part2/root/Home.aspx?enc=Ei4cajBkK1gZSfgr53ImFT241Ywt085kwtQgupnjkGjahWnfiEjRQE4dC4wPCcN0,https://cdnbbsr.s3waas.gov.in/s388a839f2f6f1427879fc33ee4acf4f66/uploads/2026/06/202606121392177863.pdf,https://exams.nta.nic.in/swayam/,https://cnr.nic.in/Results26/SWAYAM/Login?apprefno=101562612,https://studytopper.in/,100% REAL SOURCE VERIFIED
70,RESULT,RPSC Rajasthan Police SI Telecom Final Result 2026,rpsc-rajasthan-police-si-telecom-2025,https://sarkariresult.com.cm/rpsc-rajasthan-police-si-telecom-2025/,Official Board,98 Post,August 2026,September 2026,https://sso.rajasthan.gov.in/signin,https://rpsc.rajasthan.gov.in/,https://rpsc.rajasthan.gov.in/,https://rpsc.rajasthan.gov.in/Static/Result/E8BDC9265C2B4202BE9C2DBEB2830182.pdf,https://studytopper.in/,100% REAL SOURCE VERIFIED
71,ADMISSION,IIT JAM Admission Form 2026,iit-jam-2027,https://sarkariresult.com.cm/iit-jam-2027/,Official Board,Various Seats,August 2026,12 October 2026,https://whatsapp.com/channel/0029VaAbQf01NCrYADMLt00L,https://jam.iitkgp.ac.in/,https://jam.iitkgp.ac.in/,https://jam.iitkgp.ac.in/,https://studytopper.in/,100% REAL SOURCE VERIFIED
72,ADMISSION,CLAT Admission Form 2026,clat-2026,https://sarkariresult.com.cm/clat-2026/,Official Board,Various Seats,August 2026,31 October 2026,https://clat2027.consortiumofnlus.ac.in/clat-2027/,https://consortiumofnlus.ac.in/clat-2026/,https://consortiumofnlus.ac.in/,https://consortiumofnlus.ac.in/,https://studytopper.in/,100% REAL SOURCE VERIFIED
